{
  "player": {
    "localOffset": [
      0,
      -0.80000001192092896,
      12
    ],
    "moveSpeed": [
      5,
      5
    ],
    "clipMargin": [
      0.10000000149011612,
      0.10000000149011612
    ],
    "smoothTime": 0.25
  },
  "camera": {
    "speed": 0.0083333337679505348
  },
  "skybox": {
    "tint": [
      1,
      1,
      1,
      1
    ],
    "specialDarkColor": [
      0.30196079611778259,
      0.30196079611778259,
      0.40000000596046448,
      1
    ],
    "specialFadeIn": 0.40000000596046448,
    "specialFadeOut": 0.60000002384185791,
    "bossBlendDuration": 5,
    "defaultPath": "Resources/Cubemaps/rogland_clear_night_8k.dds",
    "bossPath": "Resources/Cubemaps/passendorf_snow_8k.dds"
  },
  "aim": {
    "planeDistance": 200,
    "smoothTime": 0.079999998211860657,
    "assistPixelScale": 1.3999999761581421,
    "reticleOuterMinPx": 16,
    "reticleOuterMaxPx": 32,
    "reticleOuterSizeMinPx": 32,
    "reticleOuterSizeMaxPx": 64
  },
  "damage": {
    "invincibilityDuration": 1,
    "shootLockoutDuration": 0.5,
    "blinkFrequency": 12,
    "blinkAlpha": 0.5,
    "cameraShakeIntensity": 0.11999999731779099,
    "cameraShakeDuration": 0.25
  },
  "dodge": {
    "justWindow": 0.15000000596046448,
    "iframeDuration": 0.40000000596046448,
    "cooldown": 0.60000002384185791,
    "actionLock": 0.25,
    "impulseX": 10,
    "impulseY": 6
  },
  "justDodge": {
    "slowWorld": 0.20000000298023224,
    "receiptWindow": 2,
    "fadeIn": 0.15000000596046448,
    "fadeOut": 0.30000001192092896,
    "score": 100,
    "cloneOffset": 2,
    "camPullback": 7,
    "camFovAdd": 0.10000000149011612,
    "selectThreshold": 0.5,
    "spreadDuration": 0.15000000596046448,
    "mergeDuration": 0.20000000298023224,
    "meleeApproachDuration": 0.18000000715255737,
    "meleeReturnDuration": 0.25,
    "meleeApproachDist": 4,
    "dodgeReturnDuration": 0.34999999403953552,
    "dodgeExpandedMargin": [
      0.80000001192092896,
      0.80000001192092896
    ],
    "meleeCamOffset": [
      -3,
      2.5,
      -5
    ],
    "meleeCamLookOffset": [
      0,
      1,
      0
    ],
    "clonePaths": [
      "Resources/Models/Animated/Walk/walk.mesh",
      "Resources/Models/Animated/Walk/walk.mesh",
      "Resources/Models/Animated/Walk/walk.mesh",
      "Resources/Models/Animated/Walk/walk.mesh"
    ],
    "cloneColor": [
      0.40000000596046448,
      0.80000001192092896,
      1,
      0.44999998807907104
    ]
  },
  "heal": {
    "amount": 5,
    "smallAmount": 5,
    "maxStg": 5,
    "maxBoss": 5
  },
  "special": {
    "gaugeMaxGouman": 100,
    "gaugeMaxDisruptor": 120,
    "cooldown": 30,
    "equipped": 1,
    "disruptorCharge": 2.5,
    "disruptorSlash": 1.5,
    "disruptorCollapse": 4,
    "disruptorRecover": 2,
    "disruptorChargeTimeScale": 0,
    "disruptorLineWidth": 10,
    "disruptorBossDamage": 1000,
    "disruptorPivotRadius": 14,
    "disruptorCamPullback": 8,
    "disruptorCamUpAdd": 1.5,
    "disruptorCamFovAdd": 0.059999998658895493,
    "disruptorCamEaseTime": 0.25,
    "disruptorCamFireSide": 6,
    "disruptorCamFireFront": 5,
    "disruptorCamFireDown": 3,
    "disruptorCamFireLookUp": 0.5,
    "disruptorCamFireFovAdd": 0,
    "disruptorCamCollapsePullback": 8,
    "disruptorCamCollapseUpAdd": 1.5,
    "disruptorCutDepth": 40,
    "dodgeGain": 8,
    "duration": 5,
    "barrierRadius": 2,
    "barrierDuration": 3,
    "barrierFill": false,
    "barrierEffect": "Barrier",
    "centerOffset": 0,
    "barrierWire": {
      "on": true,
      "spinSpeed": [
        0.5,
        1.2000000476837158,
        0.30000001192092896
      ],
      "meridians": 2,
      "parallels": 1,
      "segments": 24,
      "gold": [
        1,
        0.8399999737739563,
        0.15000000596046448,
        0.89999997615814209
      ],
      "pink": [
        1,
        0.34999999403953552,
        0.80000001192092896,
        0.89999997615814209
      ]
    },
    "barrierParticle": {
      "on": false,
      "interval": 0.019999999552965164,
      "count": 10,
      "life": 0.5,
      "radiusScale": 1,
      "scaleMin": [
        0.059999998658895493,
        0.059999998658895493
      ],
      "scaleMax": [
        0.15999999642372131,
        0.15999999642372131
      ],
      "color0": [
        0.5,
        0.85000002384185791,
        1,
        1
      ],
      "color1": [
        0.20000000298023224,
        0.5,
        1,
        0
      ]
    },
    "wing": {
      "on": true,
      "armCount": 4,
      "angleOffset": 0.78539818525314331,
      "speed": 6,
      "life": 0.40000000596046448,
      "burstCount": 6,
      "jitter": 1,
      "emitRadius": 0.10000000149011612,
      "scaleMin": [
        0.039999999105930328,
        0.039999999105930328
      ],
      "scaleMax": [
        0.10000000149011612,
        0.10000000149011612
      ],
      "colorInner": [
        1,
        0.85000002384185791,
        0.20000000298023224,
        1
      ],
      "colorOuter": [
        1,
        0.40000000596046448,
        0.85000002384185791,
        0
      ]
    },
    "barrierColor": [
      1,
      0.80000001192092896,
      0.30000001192092896,
      0.10000000149011612
    ],
    "camPullback": 8,
    "camFovAdd": 0.059999998658895493,
    "camUpAdd": 1.5,
    "chargeBoltCount": 6,
    "chargeRegenInterval": 0.15000000596046448,
    "chargeStartRadiusH": 0,
    "chargeStartRadiusV": 0,
    "chargeMinLength": 1,
    "fireSimultaneous": 3,
    "fireMinHold": 0.5,
    "fireMaxHold": 3,
    "fireTickInterval": 0.10000000149011612,
    "fireTickDamage": 10,
    "fireLaunchInterval": 0.10000000149011612,
    "fireGrowTime": 0.079999998211860657,
    "fireMaxOffsetRatio": 0.10000000149011612,
    "fireBranchProb": 0.0099999997764825821,
    "fireStartWidth": 0.10000000149011612,
    "fireEndWidth": 0.05000000074505806,
    "fireBoltLifetime": 0.079999998211860657,
    "endDuration": 1,
    "fireColor": [
      0.5,
      0.80000001192092896,
      1,
      1
    ],
    "disruptorBeamEffect": "DisruptorBeam",
    "disruptorChargeEffect": "DisruptorCharge",
    "disruptorRiftWidthScale": 1,
    "disruptorRiftRevealTime": 0.44999998807907104,
    "disruptorRevealIntensity": 1,
    "disruptorRevealStartDelay": 0.44999998807907104,
    "disruptorCollapseEndAt": 0.89999997615814209,
    "disruptorInvertDelay": 0.10000000149011612,
    "disruptorFragAlpha": 1,
    "disruptorFragSatBoost": 1.6000000238418579,
    "disruptorFragSpin": 6,
    "disruptorFragMinScale": 0.75,
    "disruptorFractureSeed": 3854922489,
    "disruptorFractureSeedLock": false,
    "disruptorCellCount": 512,
    "disruptorBreakFreeze": 0,
    "disruptorBreakPopSpeed": 0,
    "disruptorBreakSpread": 4,
    "disruptorBreakGravity": 6,
    "disruptorBreakLifeMin": 1,
    "disruptorBreakLifeMax": 2,
    "disruptorBeamDir": [
      0,
      0.15000000596046448,
      1
    ],
    "disruptorRiftColor": [
      0.60000002384185791,
      0.40000000596046448,
      1,
      1
    ],
    "bar": {
      "maxWidth": 300,
      "height": 12,
      "posX": 60,
      "posY": 60,
      "bgColor": [
        0.10000000149011612,
        0.10000000149011612,
        0.20000000298023224,
        0.80000001192092896
      ],
      "fgColor": [
        0.55000001192092896,
        0.75,
        1,
        1
      ],
      "fullColor": [
        1,
        0.85000002384185791,
        0.30000001192092896,
        1
      ]
    }
  },
  "hpBar": {
    "maxWidth": 350,
    "height": 30,
    "lerpSpeed": 0.5,
    "posX": 64,
    "posY": 32
  },
  "score": {
    "label": {
      "scale": 1.5,
      "offsetX": 64,
      "offsetY": 32,
      "color": [
        1,
        1,
        1,
        1
      ],
      "outlineThickness": 3,
      "outlineColor": [
        0,
        0,
        0,
        1
      ]
    },
    "number": {
      "scale": 3,
      "offsetX": 64,
      "offsetY": 64,
      "color": [
        1,
        1,
        1,
        1
      ],
      "outlineThickness": 4.5,