{
  "player": {
    "localOffset": [
      0,
      -0.80000001192092896,
      12
    ],
    "moveSpeed": [
      5,
      5
    ],
    "clipMargin": [
      0.10000000149011612,
      0.10000000149011612
    ],
    "smoothTime": 0.25
  },
  "camera": {
    "speed": 0.0083333337679505348
  },
  "shooting": {
    "bulletSpeed": 750,
    "bulletLifetime": 2,
    "fireRate": 0.11999999731779099,
    "colliderGrowthPerMeter": 0.019999999552965164,
    "homingStrength": 0.15000000596046448,
    "homingLockOnBoost": 2
  },
  "aim": {
    "planeDistance": 200,
    "smoothTime": 0.079999998211860657,
    "assistPixelScale": 1.3999999761581421
  },
  "damage": {
    "invincibilityDuration": 1,
    "shootLockoutDuration": 0.5,
    "blinkFrequency": 12,
    "blinkAlpha": 0.5,
    "cameraShakeIntensity": 0.11999999731779099,
    "cameraShakeDuration": 0.25
  },
  "hpBar": {
    "maxWidth": 350,
    "height": 30,
    "lerpSpeed": 0.5,
    "posX": 64,
    "posY": 32
  },
  "score": {
    "label": {
      "scale": 1.5,
      "offsetX": 64,
      "offsetY": 32,
      "color": [
        1,
        1,
        1,
        1
      ],
      "outlineThickness": 3,
      "outlineColor": [
        0,
        0,
        0,
        1
      ]
    },
    "number": {
      "scale": 3,
      "offsetX": 64,
      "offsetY": 64,
      "color": [
        1,
        1,
        1,
        1
      ],
      "outlineThickness": 4.5,
      "outlineColor": [
        0,
        0,
        0,
        1
      ]
    }
  }
}