{
  "player": {
    "localOffset": [
      0,
      -0.80000001192092896,
      12
    ],
    "moveSpeed": [
      5,
      5
    ],
    "clipMargin": [
      0.10000000149011612,
      0.10000000149011612
    ],
    "smoothTime": 0.25
  },
  "camera": {
    "speed": 0.0083333337679505348
  },
  "aim": {
    "planeDistance": 200,
    "smoothTime": 0.079999998211860657,
    "assistPixelScale": 1.3999999761581421,
    "reticleOuterMinPx": 16,
    "reticleOuterMaxPx": 32,
    "reticleOuterSizeMinPx": 32,
    "reticleOuterSizeMaxPx": 64
  },
  "damage": {
    "invincibilityDuration": 1,
    "shootLockoutDuration": 0.5,
    "blinkFrequency": 12,
    "blinkAlpha": 0.5,
    "cameraShakeIntensity": 0.11999999731779099,
    "cameraShakeDuration": 0.25
  },
  "dodge": {
    "justWindow": 0.15000000596046448,
    "iframeDuration": 0.40000000596046448,
    "cooldown": 0.60000002384185791,
    "actionLock": 0.25,
    "impulseX": 10,
    "impulseY": 6
  },
  "justDodge": {
    "slowWorld": 0.20000000298023224,
    "receiptWindow": 2,
    "fadeIn": 0.15000000596046448,
    "fadeOut": 0.30000001192092896,
    "score": 100,
    "cloneOffset": 2,
    "camPullback": 7,
    "camFovAdd": 0.10000000149011612,
    "selectThreshold": 0.5,
    "spreadDuration": 0.15000000596046448,
    "mergeDuration": 0.20000000298023224,
    "clonePaths": [
      "Resources/Models/Animated/Walk/walk.mesh",
      "Resources/Models/Animated/Walk/walk.mesh",
      "Resources/Models/Animated/Walk/walk.mesh",
      "Resources/Models/Animated/Walk/walk.mesh"
    ],
    "cloneColor": [
      0.40000000596046448,
      0.80000001192092896,
      1,
      0.44999998807907104
    ]
  },
  "heal": {
    "amount": 5,
    "maxStg": 5,
    "maxBoss": 5
  },
  "hpBar": {
    "maxWidth": 350,
    "height": 30,
    "lerpSpeed": 0.5,
    "posX": 64,
    "posY": 32
  },
  "score": {
    "label": {
      "scale": 1.5,
      "offsetX": 64,
      "offsetY": 32,
      "color": [
        1,
        1,
        1,
        1
      ],
      "outlineThickness": 3,
      "outlineColor": [
        0,
        0,
        0,
        1
      ]
    },
    "number": {
      "scale": 3,
      "offsetX": 64,
      "offsetY": 64,
      "color": [
        1,
        1,
        1,
        1
      ],
      "outlineThickness": 4.5,
      "outlineColor": [
        0,
        0,
        0,
        1
      ]
    }
  },
  "reticle": {
    "outerChargeStartRadius": 72,
    "outerChargeEndRadius": 60,
    "outerChargeEasingDuration": 0.20000000298023224,
    "outerRotationSpeed": 360
  },
  "precision": {
    "fovY": 0.30000001192092896,
    "camOffset": [
      0.55000001192092896,
      1,
      -5
    ],
    "fadeSpeed": 6,
    "stickScale": 0.40000000596046448,
    "vignette": 0.5,
    "blurIntensity": 1,
    "blurInnerRadius": 0.30000001192092896,
    "blurFalloff": 0.40000000596046448,
    "blurMaxPx": 10
  }
}