{
  "player": {
    "localOffset": [
      0,
      -0.80000001192092896,
      12
    ],
    "moveSpeed": [
      5,
      5
    ],
    "clipMargin": [
      0.10000000149011612,
      0.10000000149011612
    ],
    "smoothTime": 0.25
  },
  "camera": {
    "speed": 0.10000000149011612
  }
}