{
  "kind": "Primitive",
  "model": {
    "dir": "",
    "file": "",
    "animated": false
  },
  "tag": "EnemyAttack",
  "defaults": {
    "scale": [
      0.30000001192092896,
      0.30000001192092896,
      0.30000001192092896
    ],
    "rotate": [
      0,
      0,
      0
    ]
  },
  "primitive": {
    "primitiveType": 0,
    "texturePath": "Resources/Textures/white1x1.dds",
    "color": [
      1,
      0.40000000596046448,
      0.10000000149011612,
      1
    ],
    "blendMode": 1,
    "depthWrite": true,
    "alphaReference": 0,
    "cullBackface": false,
    "samplerMode": 0,
    "uvAutoScroll": false,
    "uvScrollSpeed": [
      0,
      0
    ],
    "uvOffset": [
      0,
      0
    ],
    "uvScale": [
      1,
      1
    ],
    "uvFlipU": false,
    "uvFlipV": false,
    "billboardMode": "None",
    "timeGroup": "World",
    "ring": {
      "outerRadius": 1,
      "innerRadius": 0.5,
      "divisions": 32,
      "innerColor": [
        1,
        1,
        1,
        1
      ],
      "outerColor": [
        1,
        1,
        1,
        1
      ],
      "startAngle": 0,
      "endAngle": 6.2831854820251465
    },
    "cylinder": {
      "topRadius": 1,
      "bottomRadius": 1,
      "height": 3,
      "divisions": 32,
      "topColor": [
        1,
        1,
        1,
        1
      ],
      "bottomColor": [
        1,
        1,
        1,
        1
      ],
      "startAngle": 0,
      "endAngle": 6.2831854820251465
    },
    "helix": {
      "startHelixRadius": 0.30000001192092896,
      "endHelixRadius": 0.30000001192092896,
      "startTubeRadius": 0.05000000074505806,
      "endTubeRadius": 0.05000000074505806,
      "pitch": 1,
      "turns": 5,
      "circleSegments": 8,
      "lengthSegments": 64,
      "startColor": [
        1,
        1,
        1,
        1
      ],
      "endColor": [
        1,
        0.30000001192092896,
        0,
        0.20000000298023224
      ]
    }
  },
  "collider": {
    "shape": "Sphere",
    "offset": [
      0,
      0,
      0
    ],
    "radius": 0.30000001192092896,
    "halfExtents": [
      0.30000001192092896,
      0.30000001192092896,
      0.30000001192092896
    ],
    "capsuleRadius": 0.30000001192092896,
    "capsuleHeight": 0.30000001192092896
  },
  "damageDealer": {
    "damage": 10,
    "multiplier": 1
  },
  "bullet": {
    "speed": 40,
    "lifetime": 8,
    "homingStrength": 0.6
  }
}