{
  "Assets/Models/Animated/sneakWalk.gltf": 1778194008.8351023,
  "Assets/Models/Animated/white.png": 1778194008.836101,
  "Assets/Models/Enemy/Bullet/enemyBullet.obj": 1776726333.7729175,
  "Assets/Models/Enemy/Bullet/enemyBullet.png": 1776726333.7729175,
  "Assets/Models/Enemy/enemy.obj": 1776726333.7729175,
  "Assets/Models/Enemy/enemy.png": 1776726333.7743902,
  "Assets/Models/Player/Bullet/playerBullet.obj": 1776726333.7765498,
  "Assets/Models/Player/Bullet/playerBullet.png": 1776726333.7775798,
  "Assets/Models/Player/Bullet/playerCharge.obj": 1776726333.7789934,
  "Assets/Models/Player/Bullet/playerCharge.png": 1776726333.7789934,
  "Assets/Models/Player/player1.obj": 1776726333.7789934,
  "Assets/Models/Player/player1.png": 1776726333.780491,
  "Assets/Models/Player/player2.obj": 1776726333.780491,
  "Assets/Models/Player/player2.png": 1776726333.7816775,
  "Assets/Models/Skydome/skydome.obj": 1776726333.782683,
  "Assets/Models/Skydome/skydome.png": 1776726333.7890418,
  "Assets/Models/Space/space.obj": 1776726333.7902794,
  "Assets/Models/Space/space.png": 1776726333.791285,
  "Assets/Models/Stage/stage.obj": 1776726333.792287,
  "Assets/Models/Stage/stage.png": 1776726333.81837,
  "Assets/Models/Title/title.obj": 1776726333.8203714,
  "Assets/Models/Title/title.png": 1776726333.8203714,
  "Assets/Textures/CLEAR.png": 1776726333.8243735,
  "Assets/Textures/CharacterSelect_UI_QR.png": 1776726333.8243735,
  "Assets/Textures/GAMEOVER.png": 1776726333.8243735,
  "Assets/Textures/MaskTexture/noise0.png": 1778123712.2210438,
  "Assets/Textures/MaskTexture/noise1.png": 1778123712.222064,
  "Assets/Textures/Particle.png": 1776726333.8256953,
  "Assets/Textures/QR_player1.png": 1776726333.8256953,
  "Assets/Textures/QR_player2.png": 1776726333.826702,
  "Assets/Textures/circle.png": 1776726333.826702,
  "Assets/Textures/gradationLine.png": 1776726333.70658,
  "Assets/Textures/hp_gauge_back.png": 1776726333.8277023,
  "Assets/Textures/hp_gauge_fill.png": 1776726333.8277023,
  "Assets/Textures/operation.png": 1776726333.828703,
  "Assets/Textures/qrcord.png": 1776726333.828703,
  "Assets/Textures/stripe.png": 1776726333.8297017,
  "Assets/Textures/white1x1.png": 1778123712.222064
}