{
  "Assets/Fonts/MPLUS1p-Black.ttf": 1779712722.648249,
  "Assets/Fonts/MPLUS1p-Bold.ttf": 1779712722.659624,
  "Assets/Fonts/MPLUS1p-ExtraBold.ttf": 1779712722.671274,
  "Assets/Fonts/MPLUS1p-Light.ttf": 1779712722.682275,
  "Assets/Fonts/MPLUS1p-Medium.ttf": 1779712722.6935377,
  "Assets/Fonts/MPLUS1p-Regular.ttf": 1779712722.704037,
  "Assets/Fonts/MPLUS1p-Thin.ttf": 1779712722.715166,
  "Assets/Fonts/ReggaeOne-Regular.ttf": 1779712722.7311397,
  "Assets/Models/Animated/SneakWalk/sneakWalk.gltf": 1779712722.7410898,
  "Assets/Models/Animated/SneakWalk/white.png": 1779712722.7420094,
  "Assets/Models/Animated/Walk/walk.gltf": 1779712722.7596247,
  "Assets/Models/Animated/Walk/white.png": 1779712722.7596247,
  "Assets/Models/Animated/sneakWalk.gltf": 1778653390.7852404,
  "Assets/Models/Animated/white.png": 1778653390.7852404,
  "Assets/Models/Enemy/Bullet/enemyBullet.obj": 1779712722.7631297,
  "Assets/Models/Enemy/Bullet/enemyBullet.png": 1779712722.7631297,
  "Assets/Models/Enemy/enemy.obj": 1779712722.763631,
  "Assets/Models/Enemy/enemy.png": 1779712722.7641482,
  "Assets/Models/Player/Bullet/playerBullet.obj": 1779712722.7656946,
  "Assets/Models/Player/Bullet/playerBullet.png": 1779712722.7661958,
  "Assets/Models/Player/Bullet/playerCharge.obj": 1779712722.7666993,
  "Assets/Models/Player/Bullet/playerCharge.png": 1779712722.7666993,
  "Assets/Models/Player/player1.obj": 1779712722.7677424,
  "Assets/Models/Player/player1.png": 1779712722.768244,
  "Assets/Models/Player/player2.obj": 1779712722.7687454,
  "Assets/Models/Player/player2.png": 1779712722.7692487,
  "Assets/Models/Skydome/skydome.obj": 1779712722.770252,
  "Assets/Models/Skydome/skydome.png": 1779712722.781579,
  "Assets/Models/Space/space.obj": 1779712722.7828958,
  "Assets/Models/Space/space.png": 1779712722.7828958,
  "Assets/Models/Stage/stage.obj": 1779712722.7840827,
  "Assets/Models/Stage/stage.png": 1779712722.8162222,
  "Assets/Models/Title/title.obj": 1779712722.8170495,
  "Assets/Models/Title/title.png": 1779712722.8179867,
  "Assets/Textures/Beam_Sample.png": 1780556569.1284292,
  "Assets/Textures/CLEAR.png": 1779712722.8185105,
  "Assets/Textures/CharacterSelect_UI_QR.png": 1779712722.8190124,
  "Assets/Textures/GAMEOVER.png": 1779712722.8190124,
  "Assets/Textures/MaskTexture/noise0.png": 1779712722.8223908,
  "Assets/Textures/MaskTexture/noise1.png": 1779712722.8228917,
  "Assets/Textures/NormalMapTexture/DistorionNormalmapTexture.png": 1780556569.1303017,
  "Assets/Textures/Particle.png": 1779712722.8234642,
  "Assets/Textures/QR_player1.png": 1779712722.8234642,
  "Assets/Textures/QR_player2.png": 1779712722.8234642,
  "Assets/Textures/circle.png": 1779712722.8243582,
  "Assets/Textures/gradationLine.png": 1779712722.828841,
  "Assets/Textures/hp_gauge_back.png": 1779712722.829247,
  "Assets/Textures/hp_gauge_fill.png": 1779712722.829247,
  "Assets/Textures/operation.png": 1779712722.8299003,
  "Assets/Textures/qrcord.png": 1779712722.8299003,
  "Assets/Textures/reticle_center.png": 1779712722.8304014,
  "Assets/Textures/reticle_melee.png": 1779712722.8304014,
  "Assets/Textures/reticle_outside.png": 1779712722.8309102,
  "Assets/Textures/stripe.png": 1779712722.8309102,
  "Assets/Textures/white1x1.png": 1779712722.8314886
}