{
  "Assets/Fonts/MPLUS1p-Black.ttf": 1781958659.9445488,
  "Assets/Fonts/MPLUS1p-Bold.ttf": 1781958659.9635494,
  "Assets/Fonts/MPLUS1p-ExtraBold.ttf": 1781958659.980548,
  "Assets/Fonts/MPLUS1p-Light.ttf": 1781958659.9975486,
  "Assets/Fonts/MPLUS1p-Medium.ttf": 1781958660.0155518,
  "Assets/Fonts/MPLUS1p-Regular.ttf": 1781958660.033061,
  "Assets/Fonts/MPLUS1p-Thin.ttf": 1781958660.051063,
  "Assets/Fonts/ReggaeOne-Regular.ttf": 1781958660.074061,
  "Assets/Models/Animated/SneakWalk/sneakWalk.gltf": 1781958660.0850616,
  "Assets/Models/Animated/SneakWalk/white.png": 1781958660.086061,
  "Assets/Models/Animated/Walk/walk.gltf": 1781958660.1060607,
  "Assets/Models/Animated/Walk/white.png": 1781958660.1060607,
  "Assets/Models/Animated/sneakWalk.gltf": 1778653390.7852404,
  "Assets/Models/Animated/white.png": 1778653390.7852404,
  "Assets/Models/Enemy/Bullet/enemyBullet.obj": 1781958660.108065,
  "Assets/Models/Enemy/Bullet/enemyBullet.png": 1781958660.108065,
  "Assets/Models/Enemy/enemy.obj": 1781958660.1090653,
  "Assets/Models/Enemy/enemy.png": 1781958660.1100655,
  "Assets/Models/Player/Bullet/playerBullet.obj": 1781958660.1110656,
  "Assets/Models/Player/Bullet/playerBullet.png": 1781958660.112066,
  "Assets/Models/Player/Bullet/playerCharge.obj": 1781958660.1130676,
  "Assets/Models/Player/Bullet/playerCharge.png": 1781958660.1130676,
  "Assets/Models/Player/player1.obj": 1781958660.1140673,
  "Assets/Models/Player/player1.png": 1781958660.115065,
  "Assets/Models/Player/player2.obj": 1781958660.1160657,
  "Assets/Models/Player/player2.png": 1781958660.1160657,
  "Assets/Models/Skydome/skydome.obj": 1781958660.1180654,
  "Assets/Models/Skydome/skydome.png": 1781958660.1255736,
  "Assets/Models/Space/space.obj": 1781958660.127572,
  "Assets/Models/Space/space.png": 1781958660.127572,
  "Assets/Models/Stage/stage.obj": 1781958660.129575,
  "Assets/Models/Stage/stage.png": 1781958660.1545737,
  "Assets/Models/Title/title.obj": 1781958660.1565728,
  "Assets/Models/Title/title.png": 1781958660.1565728,
  "Assets/Textures/Beam_Sample.png": 1781958660.1575747,
  "Assets/Textures/CLEAR.png": 1781958660.1585732,
  "Assets/Textures/CharacterSelect_UI_QR.png": 1781958660.159574,
  "Assets/Textures/Effect/BrokenGlass_00.png": 1781958660.160573,
  "Assets/Textures/Effect/BrokenGlass_01.png": 1781958660.1615741,
  "Assets/Textures/Effect/Explosion.png": 1781958660.1625738,
  "Assets/Textures/Effect/Feathers_00.png": 1781958660.163575,
  "Assets/Textures/Effect/Feathers_01.png": 1781958660.1645741,
  "Assets/Textures/Effect/Feathers_02.png": 1781958660.165574,
  "Assets/Textures/Effect/Feathers_03.png": 1781958660.165574,
  "Assets/Textures/Effect/Feathers_04.png": 1781958660.1665742,
  "Assets/Textures/Effect/Glow_00.png": 1781958660.1675746,
  "Assets/Textures/Effect/Glow_01.png": 1781958660.1685736,
  "Assets/Textures/Effect/LensFlares_00.png": 1782094248.040559,
  "Assets/Textures/Effect/Lightning_00.png": 1781958660.169576,
  "Assets/Textures/Effect/Lightning_01.png": 1781958660.169576,
  "Assets/Textures/Effect/Lightning_02.png": 1781958660.1705759,
  "Assets/Textures/Effect/Liner_00.png": 1781958660.1715746,
  "Assets/Textures/Effect/Rize_01.png": 1781958660.172574,
  "Assets/Textures/Effect/aquillos_00.png": 1781958660.1735742,
  "Assets/Textures/Effect/beam.png": 1781958660.175573,
  "Assets/Textures/Effect/circle.png": 1781958660.1765754,
  "Assets/Textures/Effect/gizagiza.png": 1781594421.3365684,
  "Assets/Textures/Effect/gizagiza_00.png": 1781958660.1775753,
  "Assets/Textures/Effect/gradationLine.png": 1781958660.180574,
  "Assets/Textures/Effect/rise_00.png": 1781958660.1815732,
  "Assets/Textures/Effect/smoke.png": 1781578567.9655576,
  "Assets/Textures/Effect/smoke_00.png": 1781958660.182575,
  "Assets/Textures/Effect/sparkle_00.png": 1782094248.040559,
  "Assets/Textures/Effect/sparkles_00.png": 1781958660.1835742,
  "Assets/Textures/Effect/sparkles_01.png": 1781958660.1845746,
  "Assets/Textures/Effect/ster_00.png": 1782094248.040559,
  "Assets/Textures/Effect/ster_01.png": 1782094248.040559,
  "Assets/Textures/GAMEOVER.png": 1781958660.1855743,
  "Assets/Textures/MaskTexture/HorizontalGradation_LeftToRight.png": 1782100802.3840256,
  "Assets/Textures/MaskTexture/HorizontalGradation_RightToLeft.png": 1782100773.4767406,
  "Assets/Textures/MaskTexture/VerticalGradation_00.png": 1782100222.904525,
  "Assets/Textures/MaskTexture/VerticalGradation_01.png": 1782100244.6994424,
  "Assets/Textures/MaskTexture/noise0.png": 1781958660.1875737,
  "Assets/Textures/MaskTexture/noise1.png": 1781958660.1885734,
  "Assets/Textures/NormalMapTexture/BlackHoleLensNormal.png": 1781958660.1905737,
  "Assets/Textures/NormalMapTexture/DistorionNormalmapTexture.png": 1781958660.1955738,
  "Assets/Textures/NormalMapTexture/VortexNormalMapTexture.png": 1781958660.1975734,
  "Assets/Textures/Particle.png": 1781958660.1975734,
  "Assets/Textures/QR_player1.png": 1781958660.1985736,
  "Assets/Textures/QR_player2.png": 1781958660.1985736,
  "Assets/Textures/circle.png": 1781958660.1995747,
  "Assets/Textures/gradationLine.png": 1781958660.202573,
  "Assets/Textures/hp_gauge_back.png": 1781958660.202573,
  "Assets/Textures/hp_gauge_fill.png": 1781958660.202573,
  "Assets/Textures/operation.png": 1781958660.2035735,
  "Assets/Textures/qrcord.png": 1781958660.2035735,
  "Assets/Textures/reticle_center.png": 1781958660.2055733,
  "Assets/Textures/reticle_melee.png": 1781958660.2055733,
  "Assets/Textures/reticle_outside.png": 1781958660.2065735,
  "Assets/Textures/stripe.png": 1781958660.2065735,
  "Assets/Textures/white1x1.png": 1781958660.2075744
}