{
  "Assets/Fonts/MPLUS1p-Black.ttf": 1779712722.648249,
  "Assets/Fonts/MPLUS1p-Bold.ttf": 1779712722.659624,
  "Assets/Fonts/MPLUS1p-ExtraBold.ttf": 1779712722.671274,
  "Assets/Fonts/MPLUS1p-Light.ttf": 1779712722.682275,
  "Assets/Fonts/MPLUS1p-Medium.ttf": 1779712722.6935377,
  "Assets/Fonts/MPLUS1p-Regular.ttf": 1779712722.704037,
  "Assets/Fonts/MPLUS1p-Thin.ttf": 1779712722.715166,
  "Assets/Fonts/ReggaeOne-Regular.ttf": 1779712722.7311397,
  "Assets/Models/Animated/SneakWalk/sneakWalk.gltf": 1779712722.7410898,
  "Assets/Models/Animated/SneakWalk/white.png": 1779712722.7420094,
  "Assets/Models/Animated/Walk/walk.gltf": 1779712722.7596247,
  "Assets/Models/Animated/Walk/white.png": 1779712722.7596247,
  "Assets/Models/Animated/sneakWalk.gltf": 1778653390.7852404,
  "Assets/Models/Animated/white.png": 1778653390.7852404,
  "Assets/Models/Enemy/Bullet/enemyBullet.obj": 1779712722.7631297,
  "Assets/Models/Enemy/Bullet/enemyBullet.png": 1779712722.7631297,
  "Assets/Models/Enemy/enemy.obj": 1779712722.763631,
  "Assets/Models/Enemy/enemy.png": 1779712722.7641482,
  "Assets/Models/Player/Bullet/playerBullet.obj": 1779712722.7656946,
  "Assets/Models/Player/Bullet/playerBullet.png": 1779712722.7661958,
  "Assets/Models/Player/Bullet/playerCharge.obj": 1779712722.7666993,
  "Assets/Models/Player/Bullet/playerCharge.png": 1779712722.7666993,
  "Assets/Models/Player/player1.obj": 1779712722.7677424,
  "Assets/Models/Player/player1.png": 1779712722.768244,
  "Assets/Models/Player/player2.obj": 1779712722.7687454,
  "Assets/Models/Player/player2.png": 1779712722.7692487,
  "Assets/Models/Skydome/skydome.obj": 1779712722.770252,
  "Assets/Models/Skydome/skydome.png": 1779712722.781579,
  "Assets/Models/Space/space.obj": 1779712722.7828958,
  "Assets/Models/Space/space.png": 1779712722.7828958,
  "Assets/Models/Stage/stage.obj": 1779712722.7840827,
  "Assets/Models/Stage/stage.png": 1779712722.8162222,
  "Assets/Models/Title/title.obj": 1779712722.8170495,
  "Assets/Models/Title/title.png": 1779712722.8179867,
  "Assets/Textures/Beam_Sample.png": 1780556569.1284292,
  "Assets/Textures/CLEAR.png": 1779712722.8185105,
  "Assets/Textures/CharacterSelect_UI_QR.png": 1779712722.8190124,
  "Assets/Textures/Effect/BrokenGlass_00.png": 1781614532.3281543,
  "Assets/Textures/Effect/BrokenGlass_01.png": 1782011414.6612084,
  "Assets/Textures/Effect/Explosion.png": 1782011414.6612084,
  "Assets/Textures/Effect/Feathers_00.png": 1782011414.6617084,
  "Assets/Textures/Effect/Feathers_01.png": 1782011414.662863,
  "Assets/Textures/Effect/Feathers_02.png": 1782011414.662863,
  "Assets/Textures/Effect/Feathers_03.png": 1782011414.6633666,
  "Assets/Textures/Effect/Feathers_04.png": 1782011414.6633666,
  "Assets/Textures/Effect/Glow_00.png": 1782011414.6633666,
  "Assets/Textures/Effect/Glow_01.png": 1782011414.6643717,
  "Assets/Textures/Effect/LensFlares_00.png": 1782014989.3315167,
  "Assets/Textures/Effect/Lightning_00.png": 1781614532.3296542,
  "Assets/Textures/Effect/Lightning_01.png": 1781614532.330529,
  "Assets/Textures/Effect/Lightning_02.png": 1781614532.330529,
  "Assets/Textures/Effect/Liner_00.png": 1782011414.6643717,
  "Assets/Textures/Effect/Rize_01.png": 1782011414.664882,
  "Assets/Textures/Effect/aquillos_00.png": 1781614532.331642,
  "Assets/Textures/Effect/beam.png": 1781614532.3326416,
  "Assets/Textures/Effect/circle.png": 1781614532.3331418,
  "Assets/Textures/Effect/gizagiza.png": 1781594421.3365684,
  "Assets/Textures/Effect/gizagiza_00.png": 1781614532.3331418,
  "Assets/Textures/Effect/gradationLine.png": 1781614532.3383482,
  "Assets/Textures/Effect/rise_00.png": 1781614532.3388484,
  "Assets/Textures/Effect/smoke.png": 1781578567.9655576,
  "Assets/Textures/Effect/smoke_00.png": 1781614532.3393486,
  "Assets/Textures/Effect/sparkle_00.png": 1782014853.4430256,
  "Assets/Textures/Effect/sparkles_00.png": 1781614532.3393486,
  "Assets/Textures/Effect/sparkles_01.png": 1781614532.3398485,
  "Assets/Textures/Effect/ster_00.png": 1782014892.856346,
  "Assets/Textures/Effect/ster_01.png": 1782018235.350379,
  "Assets/Textures/GAMEOVER.png": 1779712722.8190124,
  "Assets/Textures/MaskTexture/noise0.png": 1779712722.8223908,
  "Assets/Textures/MaskTexture/noise1.png": 1779712722.8228917,
  "Assets/Textures/NormalMapTexture/BlackHoleLensNormal.png": 1782011414.665384,
  "Assets/Textures/NormalMapTexture/DistorionNormalmapTexture.png": 1780556569.1303017,
  "Assets/Textures/NormalMapTexture/VortexNormalMapTexture.png": 1782011414.665886,
  "Assets/Textures/Particle.png": 1779712722.8234642,
  "Assets/Textures/QR_player1.png": 1779712722.8234642,
  "Assets/Textures/QR_player2.png": 1779712722.8234642,
  "Assets/Textures/circle.png": 1779712722.8243582,
  "Assets/Textures/gradationLine.png": 1779712722.828841,
  "Assets/Textures/hp_gauge_back.png": 1779712722.829247,
  "Assets/Textures/hp_gauge_fill.png": 1779712722.829247,
  "Assets/Textures/operation.png": 1779712722.8299003,
  "Assets/Textures/qrcord.png": 1779712722.8299003,
  "Assets/Textures/reticle_center.png": 1779712722.8304014,
  "Assets/Textures/reticle_melee.png": 1779712722.8304014,
  "Assets/Textures/reticle_outside.png": 1779712722.8309102,
  "Assets/Textures/stripe.png": 1779712722.8309102,
  "Assets/Textures/white1x1.png": 1779712722.8314886
}