{
  "Assets/Models/Animated/SneakWalk/sneakWalk.gltf": 1778653390.7852404,
  "Assets/Models/Animated/SneakWalk/white.png": 1778653390.7852404,
  "Assets/Models/Animated/Walk/walk.gltf": 1776726333.668867,
  "Assets/Models/Animated/Walk/white.png": 1776726333.6698694,
  "Assets/Models/Animated/sneakWalk.gltf": 1778653390.7852404,
  "Assets/Models/Animated/white.png": 1778653390.7852404,
  "Assets/Models/Enemy/Bullet/enemyBullet.obj": 1778653390.787241,
  "Assets/Models/Enemy/Bullet/enemyBullet.png": 1778653390.787241,
  "Assets/Models/Enemy/enemy.obj": 1778653390.788241,
  "Assets/Models/Enemy/enemy.png": 1778653390.7892408,
  "Assets/Models/Player/Bullet/playerBullet.obj": 1778653390.7902412,
  "Assets/Models/Player/Bullet/playerBullet.png": 1778653390.7912402,
  "Assets/Models/Player/Bullet/playerCharge.obj": 1778653390.7922425,
  "Assets/Models/Player/Bullet/playerCharge.png": 1778653390.7922425,
  "Assets/Models/Player/player1.obj": 1778653390.7932408,
  "Assets/Models/Player/player1.png": 1778653390.7942417,
  "Assets/Models/Player/player2.obj": 1778653390.7942417,
  "Assets/Models/Player/player2.png": 1778653390.7952414,
  "Assets/Models/Skydome/skydome.obj": 1778653390.7962418,
  "Assets/Models/Skydome/skydome.png": 1778653390.8022554,
  "Assets/Models/Space/space.obj": 1778653390.8042407,
  "Assets/Models/Space/space.png": 1778653390.8042407,
  "Assets/Models/Stage/stage.obj": 1778653390.8052404,
  "Assets/Models/Stage/stage.png": 1778653390.8272593,
  "Assets/Models/Title/title.obj": 1778653390.828242,
  "Assets/Models/Title/title.png": 1778653390.8293827,
  "Assets/Textures/CLEAR.png": 1778653390.8302433,
  "Assets/Textures/CharacterSelect_UI_QR.png": 1778653390.8302433,
  "Assets/Textures/GAMEOVER.png": 1778653390.8302433,
  "Assets/Textures/MaskTexture/noise0.png": 1778653390.8323374,
  "Assets/Textures/MaskTexture/noise1.png": 1778653390.8332427,
  "Assets/Textures/Particle.png": 1778653390.8332427,
  "Assets/Textures/QR_player1.png": 1778653390.8342543,
  "Assets/Textures/QR_player2.png": 1778653390.8342543,
  "Assets/Textures/circle.png": 1778653390.8342543,
  "Assets/Textures/gradationLine.png": 1778653390.8372562,
  "Assets/Textures/hp_gauge_back.png": 1778653390.8382423,
  "Assets/Textures/hp_gauge_fill.png": 1778653390.8382423,
  "Assets/Textures/operation.png": 1778653390.839242,
  "Assets/Textures/qrcord.png": 1778653390.839242,
  "Assets/Textures/stripe.png": 1778653390.8402412,
  "Assets/Textures/white1x1.png": 1778653390.8402412
}