{
  "Assets/Fonts/MPLUS1p-Black.ttf": 1779849758.447889,
  "Assets/Fonts/MPLUS1p-Bold.ttf": 1779849758.4658892,
  "Assets/Fonts/MPLUS1p-ExtraBold.ttf": 1779849758.4839404,
  "Assets/Fonts/MPLUS1p-Light.ttf": 1779849758.5009403,
  "Assets/Fonts/MPLUS1p-Medium.ttf": 1779849758.51786,
  "Assets/Fonts/MPLUS1p-Regular.ttf": 1779849758.534966,
  "Assets/Fonts/MPLUS1p-Thin.ttf": 1779849758.5605016,
  "Assets/Fonts/ReggaeOne-Regular.ttf": 1779849758.590526,
  "Assets/Models/Animated/SneakWalk/sneakWalk.gltf": 1779849758.599981,
  "Assets/Models/Animated/SneakWalk/white.png": 1779849758.599981,
  "Assets/Models/Animated/Walk/walk.gltf": 1779849758.618754,
  "Assets/Models/Animated/Walk/white.png": 1779849758.618754,
  "Assets/Models/Animated/sneakWalk.gltf": 1778653390.7852404,
  "Assets/Models/Animated/white.png": 1778653390.7852404,
  "Assets/Models/Enemy/Bullet/enemyBullet.obj": 1779849758.6210563,
  "Assets/Models/Enemy/Bullet/enemyBullet.png": 1779849758.6210563,
  "Assets/Models/Enemy/enemy.obj": 1779849758.6220684,
  "Assets/Models/Enemy/enemy.png": 1779849758.623061,
  "Assets/Models/Player/Bullet/playerBullet.obj": 1779849758.6244001,
  "Assets/Models/Player/Bullet/playerBullet.png": 1779849758.6244001,
  "Assets/Models/Player/Bullet/playerCharge.obj": 1779849758.625405,
  "Assets/Models/Player/Bullet/playerCharge.png": 1779849758.625405,
  "Assets/Models/Player/player1.obj": 1779849758.626819,
  "Assets/Models/Player/player1.png": 1779849758.626819,
  "Assets/Models/Player/player2.obj": 1779849758.6279728,
  "Assets/Models/Player/player2.png": 1779849758.6279728,
  "Assets/Models/Skydome/skydome.obj": 1779849758.6299772,
  "Assets/Models/Skydome/skydome.png": 1779849758.6359763,
  "Assets/Models/Space/space.obj": 1779849758.6379967,
  "Assets/Models/Space/space.png": 1779849758.6379967,
  "Assets/Models/Stage/stage.obj": 1779849758.6389785,
  "Assets/Models/Stage/stage.png": 1779849758.6645138,
  "Assets/Models/Title/title.obj": 1779849758.6655705,
  "Assets/Models/Title/title.png": 1779849758.6655705,
  "Assets/Textures/Beam_Sample.png": 1780121731.9794025,
  "Assets/Textures/CLEAR.png": 1779849758.667058,
  "Assets/Textures/CharacterSelect_UI_QR.png": 1779849758.667058,
  "Assets/Textures/Effect/BrokenGlass_00.png": 1781582366.6318755,
  "Assets/Textures/Effect/BrokenGlass_01.png": 1781877265.4334428,
  "Assets/Textures/Effect/Explosion.png": 1781877265.4334428,
  "Assets/Textures/Effect/Feathers_00.png": 1781877265.4334428,
  "Assets/Textures/Effect/Feathers_01.png": 1781877265.4334428,
  "Assets/Textures/Effect/Feathers_02.png": 1781877265.4334428,
  "Assets/Textures/Effect/Feathers_03.png": 1781877265.4334428,
  "Assets/Textures/Effect/Feathers_04.png": 1781877265.4334428,
  "Assets/Textures/Effect/Glow_00.png": 1781877265.4334428,
  "Assets/Textures/Effect/Glow_01.png": 1781948340.9521656,
  "Assets/Textures/Effect/Lightning_00.png": 1781582042.7430105,
  "Assets/Textures/Effect/Lightning_01.png": 1781582157.6586006,
  "Assets/Textures/Effect/Lightning_02.png": 1781582253.1848962,
  "Assets/Textures/Effect/Liner_00.png": 1781948340.9521656,
  "Assets/Textures/Effect/Rize_01.png": 1781877265.4334428,
  "Assets/Textures/Effect/aquillos_00.png": 1781579928.8440902,
  "Assets/Textures/Effect/beam.png": 1781530393.1993296,
  "Assets/Textures/Effect/circle.png": 1781577998.0554402,
  "Assets/Textures/Effect/gizagiza.png": 1781594421.3365684,
  "Assets/Textures/Effect/gizagiza_00.png": 1781602807.8402147,
  "Assets/Textures/Effect/gradationLine.png": 1779849758.6759477,
  "Assets/Textures/Effect/rise_00.png": 1781579814.9330711,
  "Assets/Textures/Effect/smoke.png": 1781578567.9655576,
  "Assets/Textures/Effect/smoke_00.png": 1781578567.9655576,
  "Assets/Textures/Effect/sparkles_00.png": 1781579499.5883822,
  "Assets/Textures/Effect/sparkles_01.png": 1781579730.074759,
  "Assets/Textures/GAMEOVER.png": 1779849758.667058,
  "Assets/Textures/MaskTexture/noise0.png": 1779849758.6704662,
  "Assets/Textures/MaskTexture/noise1.png": 1779849758.6715505,
  "Assets/Textures/NormalMapTexture/BlackHoleLensNormal.png": 1781877265.4334428,
  "Assets/Textures/NormalMapTexture/DistorionNormalmapTexture.png": 1779868990.9930532,
  "Assets/Textures/NormalMapTexture/VortexNormalMapTexture.png": 1781877265.4334428,
  "Assets/Textures/Particle.png": 1779849758.6725552,
  "Assets/Textures/QR_player1.png": 1779849758.6725552,
  "Assets/Textures/QR_player2.png": 1779849758.6725552,
  "Assets/Textures/circle.png": 1779849758.6737182,
  "Assets/Textures/gradationLine.png": 1779849758.6759477,
  "Assets/Textures/hp_gauge_back.png": 1779849758.6759477,
  "Assets/Textures/hp_gauge_fill.png": 1779849758.6759477,
  "Assets/Textures/operation.png": 1779849758.6773996,
  "Assets/Textures/qrcord.png": 1779849758.6773996,
  "Assets/Textures/reticle_center.png": 1779849758.678898,
  "Assets/Textures/reticle_melee.png": 1779849758.678898,
  "Assets/Textures/reticle_outside.png": 1779849758.680171,
  "Assets/Textures/stripe.png": 1779849758.681178,
  "Assets/Textures/white1x1.png": 1779849758.681178
}